id, product_type, brand, model, year, price
59858901,laptop,Asos,VIVO 17,2019,3528
67640708,laptop,Asos,VIVO 19,2021,3485
87797690,laptop,HP,DW 13,2020,3111
61472893,laptop,Asos,VIVO 17,2019,2963
41797689,laptop,Apple,MacBook 1,2021,5946
14442484,laptop,HP,DW 10 Pro,2017,5532
87766858,laptop,Apple,MacBook 2,2022,5603
22676550,laptop,Asos,VIVO 19 Pro,2021,3423
72776910,laptop,Apple,MacBook 2,2022,5987
69220214,laptop,Lenovo,IdeaPad 5,2018,6616
59292228,laptop,Asos,VIVO 15,2017,8395
83366680,laptop,Lenovo,IdeaPad 7,2020,3518
37531950,laptop,Lenovo,IdeaPad 9 Pro,2022,4977
33855931,laptop,HP,DW 14,2021,2216
27178188,laptop,Asos,VIVO 16,2018,8124
70401599,laptop,HP,DW 14,2021,3375
14676895,laptop,HP,DW 13,2020,3417
88102080,laptop,Lenovo,IdeaPad 7,2020,4729
65502721,laptop,Lenovo,IdeaPad 9,2022,4007
54393930,laptop,Lenovo,IdeaPad 8,2021,4206
79114264,laptop,HP,DW 14,2021,2870
11810281,laptop,Apple,MacBook 2,2022,5742
92136982,laptop,Asos,VIVO 18,2020,2646
34571362,laptop,HP,DW 11 Pro,2018,6497
99483086,laptop,HP,DW 11,2018,6032
28479161,laptop,Lenovo,IdeaPad 9,2022,5043
49026442,laptop,Asos,VIVO 18,2020,2837
86289378,laptop,Apple,MacBook 1,2021,5696
53567474,laptop,Lenovo,IdeaPad 6,2019,4439
44495745,laptop,HP,DW 14,2021,2876
49038121,laptop,HP,DW 15 Pro,2022,3869
61383853,laptop,Lenovo,IdeaPad 9,2022,4820
48463647,laptop,Lenovo,IdeaPad 6,2019,5013
81180021,laptop,HP,DW 13,2020,3726
18209954,laptop,HP,DW 10 Pro,2017,6306
11954723,laptop,HP,DW 15 Pro,2022,3836
11487573,laptop,Apple,MacBook 2,2022,5659
49810133,laptop,Lenovo,IdeaPad 8 Pro,2021,5687
87500710,laptop,HP,DW 12,2019,2857
98560666,laptop,HP,DW 11,2018,4551
19998107,laptop,Apple,MacBook 1,2021,5534
29395702,laptop,Asos,VIVO 17,2019,3986
57843660,laptop,Asos,VIVO 15 Pro,2017,8701
79753776,laptop,Apple,MacBook 1,2021,5235
84243872,laptop,Apple,MacBook 1,2021,5471
98388427,laptop,Apple,MacBook 1,2021,5399
58167735,laptop,Apple,MacBook 2,2022,5980
33786140,laptop,Lenovo,IdeaPad 8,2021,4887
19212673,laptop,Lenovo,IdeaPad 9 Pro,2022,5631
17767448,laptop,Asos,VIVO 17,2019,4034
54759773,laptop,Apple,MacBook 1,2021,5505
97375954,laptop,HP,DW 15,2022,2141
10082172,laptop,Asos,VIVO 15,2017,5360
14777497,laptop,HP,DW 11,2018,5735
71200458,laptop,Lenovo,IdeaPad 5,2018,6625
73802784,laptop,HP,DW 12,2019,3945
74859352,laptop,Apple,MacBook 1,2021,5629
30396658,laptop,Apple,MacBook 2,2022,5730
74280538,laptop,Lenovo,IdeaPad 5 Pro,2018,6315
57299199,laptop,Apple,MacBook 1,2021,5984
15787429,laptop,Lenovo,IdeaPad 7,2020,4969
33671832,laptop,HP,DW 10 Pro,2017,5324
67263994,laptop,Asos,VIVO 18,2020,4716
20884261,laptop,Apple,MacBook 1,2021,5062
14349469,laptop,Apple,MacBook 2,2022,5170
24387596,laptop,Lenovo,IdeaPad 5 Pro,2018,9328
85866012,laptop,Lenovo,IdeaPad 6,2019,3929
24335510,laptop,Lenovo,IdeaPad 9,2022,4590
93777054,laptop,Lenovo,IdeaPad 7,2020,4300
88363474,laptop,Lenovo,IdeaPad 7,2020,5385
13269041,laptop,Apple,MacBook 2,2022,5326
14919598,laptop,HP,DW 12,2019,2828
86671952,laptop,HP,DW 11,2018,5363
36986736,laptop,HP,DW 12,2019,1815
57158634,laptop,Asos,VIVO 20,2022,2756
28095886,laptop,Lenovo,IdeaPad 7,2020,3554
22176488,laptop,Lenovo,IdeaPad 7 Pro,2020,4434
12486799,laptop,HP,DW 11,2018,6150
35431536,laptop,HP,DW 13,2020,3164
32766257,laptop,HP,DW 15,2022,2082
78097393,laptop,Apple,MacBook 1 Pro,2021,5690
89354582,laptop,Asos,VIVO 19 Pro,2021,5202
63385398,laptop,HP,DW 11,2018,6177
15082695,laptop,Apple,MacBook 2,2022,5119
33573284,laptop,Lenovo,IdeaPad 5,2018,7460
33846044,laptop,Lenovo,IdeaPad 8 Pro,2021,5267
19242036,laptop,Asos,VIVO 19,2021,5020
12857571,laptop,Lenovo,IdeaPad 7,2020,3748
41647363,laptop,Apple,MacBook 2,2022,5927
29853039,laptop,Apple,MacBook 2 Pro,2022,6115
90265860,laptop,Apple,MacBook 1 Pro,2021,6067
38524796,laptop,Asos,VIVO 15 Pro,2017,6250
23073962,laptop,Lenovo,IdeaPad 6,2019,3555
25344264,laptop,Lenovo,IdeaPad 5,2018,5510
45273963,laptop,Asos,VIVO 15,2017,6369
53913346,laptop,Asos,VIVO 19,2021,3282
21348427,laptop,HP,DW 12,2019,4101
62324088,laptop,HP,DW 15,2022,4482
47079534,laptop,Lenovo,IdeaPad 6,2019,4653
93042596,laptop,Apple,MacBook 1,2021,5803
60054823,laptop,Asos,VIVO 15,2017,5458
85916701,laptop,Asos,VIVO 17,2019,4306
16237380,laptop,Apple,MacBook 2 Pro,2022,5757
72504335,laptop,Apple,MacBook 2,2022,5641
62626286,laptop,HP,DW 14 Pro,2021,4833
26308373,laptop,Apple,MacBook 1,2021,5973
52944844,laptop,HP,DW 13,2020,1541
83771839,laptop,HP,DW 14,2021,3237
69883995,laptop,Asos,VIVO 16 Pro,2018,6891
93856525,laptop,Apple,MacBook 2,2022,5572
17967771,laptop,Lenovo,IdeaPad 5,2018,8236
66952639,laptop,HP,DW 15,2022,1683
38139537,laptop,Lenovo,IdeaPad 9,2022,3546
98196791,laptop,Apple,MacBook 1,2021,5944
19542199,laptop,Lenovo,IdeaPad 5,2018,5506
37604591,laptop,HP,DW 15,2022,2575
28052728,laptop,Apple,MacBook 1,2021,5082
95392858,laptop,Apple,MacBook 2,2022,5824
12200397,laptop,Asos,VIVO 19,2021,3445
78897548,laptop,Lenovo,IdeaPad 9,2022,5082
46520332,laptop,Apple,MacBook 2,2022,5715
84367267,laptop,Lenovo,IdeaPad 5,2018,8794
26296209,laptop,Asos,VIVO 15,2017,6088
87214119,laptop,HP,DW 11,2018,4844
38680446,laptop,Lenovo,IdeaPad 8,2021,4523
55287689,laptop,Lenovo,IdeaPad 5,2018,7741
93440468,laptop,Asos,VIVO 18,2020,3645
63386123,laptop,HP,DW 12,2019,1632
84438970,laptop,Asos,VIVO 17,2019,2874
24592164,laptop,Apple,MacBook 2,2022,5761
89794795,laptop,Apple,MacBook 1,2021,5928
97787722,laptop,Apple,MacBook 2,2022,5355
17731031,laptop,Apple,MacBook 2,2022,5071
81370334,laptop,Lenovo,IdeaPad 9,2022,4570
79875499,laptop,HP,DW 14,2021,1587
73527581,laptop,Asos,VIVO 17,2019,3560
56913469,laptop,Asos,VIVO 20,2022,4292
80964169,laptop,HP,DW 14,2021,3461
23887000,laptop,Lenovo,IdeaPad 7,2020,4850
38534506,laptop,HP,DW 15,2022,2091
78726743,laptop,Apple,MacBook 2,2022,5056
99316285,laptop,HP,DW 15,2022,2535
23025657,laptop,HP,DW 11,2018,7368
86845612,laptop,HP,DW 15 Pro,2022,3657
23531464,laptop,Apple,MacBook 1,2021,5177
39028588,laptop,HP,DW 11,2018,5610
27328718,laptop,Lenovo,IdeaPad 8 Pro,2021,5859
49599340,laptop,Lenovo,IdeaPad 7,2020,4736
23292360,laptop,HP,DW 10,2017,6030
17791648,laptop,HP,DW 15,2022,2491
14009084,laptop,HP,DW 11,2018,5076
46440285,laptop,Apple,MacBook 1,2021,5695
75591226,laptop,Asos,VIVO 16,2018,7287
23192487,laptop,Apple,MacBook 1,2021,5278
62766932,laptop,Lenovo,IdeaPad 9 Pro,2022,4429
66495631,laptop,Asos,VIVO 20,2022,3185
81326774,laptop,Apple,MacBook 2 Pro,2022,5868
87447612,laptop,Lenovo,IdeaPad 6,2019,4615
12862848,laptop,Asos,VIVO 18,2020,3588
67299161,laptop,Lenovo,IdeaPad 7,2020,4433
37995706,laptop,Apple,MacBook 2,2022,5875
36928097,laptop,Apple,MacBook 2 Pro,2022,5619
71513279,laptop,Apple,MacBook 2,2022,5925
86737276,laptop,Lenovo,IdeaPad 7,2020,4698
70680549,laptop,HP,DW 12,2019,3849
37648021,laptop,Lenovo,IdeaPad 8,2021,3871
85990704,laptop,Asos,VIVO 16,2018,5825
30250676,laptop,Asos,VIVO 19,2021,3681
51594857,laptop,Apple,MacBook 1,2021,5806
24579233,laptop,Apple,MacBook 1,2021,5925
22687791,laptop,HP,DW 15,2022,3365
75433870,laptop,Asos,VIVO 16,2018,6713
20131099,laptop,HP,DW 14 Pro,2021,2930
88670777,laptop,Apple,MacBook 2,2022,5150
59357929,laptop,HP,DW 10,2017,7405
40063483,laptop,Lenovo,IdeaPad 5,2018,6867
97716550,laptop,Asos,VIVO 15,2017,8240
53724783,laptop,HP,DW 13,2020,3381
31259949,laptop,HP,DW 13 Pro,2020,3536
91641046,laptop,HP,DW 13,2020,1757
56188099,laptop,Lenovo,IdeaPad 5,2018,7928
25822758,laptop,Apple,MacBook 2,2022,5828
40914793,laptop,Asos,VIVO 18,2020,2566
93393402,laptop,Lenovo,IdeaPad 5,2018,8670
36423869,laptop,Apple,MacBook 1 Pro,2021,6381
22397791,laptop,Asos,VIVO 17,2019,4243
67833703,laptop,Apple,MacBook 1 Pro,2021,5609
84392098,laptop,Asos,VIVO 17,2019,4218
47631025,laptop,Apple,MacBook 1,2021,5433
35220768,laptop,Apple,MacBook 2 Pro,2022,5963
88052071,laptop,Asos,VIVO 16,2018,7024
72777838,laptop,Apple,MacBook 2,2022,5697
14938095,laptop,Apple,MacBook 2,2022,5724
99396036,laptop,Lenovo,IdeaPad 5,2018,6299
79898697,laptop,Asos,VIVO 20 Pro,2022,4536
74995856,laptop,Lenovo,IdeaPad 9,2022,4059
75744560,laptop,Apple,MacBook 1 Pro,2021,6418
52282681,laptop,Apple,MacBook 2,2022,5646
41698280,laptop,Apple,MacBook 1,2021,5033
88611951,laptop,Asos,VIVO 17 Pro,2019,5596
84709171,laptop,HP,DW 14 Pro,2021,4897
12809539,laptop,Asos,VIVO 17 Pro,2019,4978
61655028,laptop,Asos,VIVO 16,2018,6672
87659210,laptop,HP,DW 15,2022,3578
79011762,laptop,Lenovo,IdeaPad 7,2020,4163
37768232,laptop,Lenovo,IdeaPad 9,2022,4623
96553493,laptop,HP,DW 12,2019,2407
64544966,laptop,Apple,MacBook 1,2021,5304
29045334,laptop,Apple,MacBook 2,2022,5858
86494817,laptop,Lenovo,IdeaPad 7,2020,4223
10723103,laptop,Lenovo,IdeaPad 5,2018,5760
61639467,laptop,HP,DW 11,2018,6302
54149542,laptop,HP,DW 12,2019,2927
73341124,laptop,Lenovo,IdeaPad 6,2019,3806
82195018,laptop,Asos,VIVO 16,2018,6351
23802950,laptop,Lenovo,IdeaPad 7,2020,4410
78374748,laptop,Asos,VIVO 20,2022,5035
12024908,laptop,Apple,MacBook 2 Pro,2022,5785
40999727,laptop,Lenovo,IdeaPad 7,2020,5033
50215553,laptop,Apple,MacBook 1,2021,5972
23213876,laptop,Lenovo,IdeaPad 7,2020,4654
59964358,laptop,Lenovo,IdeaPad 6,2019,5047
14332240,laptop,HP,DW 11,2018,5218
74395612,laptop,Lenovo,IdeaPad 9,2022,4277
77807636,laptop,Apple,MacBook 2 Pro,2022,5581
71173606,laptop,Asos,VIVO 18,2020,4838
93873075,laptop,Lenovo,IdeaPad 6 Pro,2019,4235
55984568,laptop,HP,DW 13,2020,3783
92386408,laptop,HP,DW 15,2022,3770
98426656,laptop,HP,DW 10,2017,5288
67047900,laptop,Lenovo,IdeaPad 5,2018,8153
24356295,laptop,Apple,MacBook 2 Pro,2022,5717
28177855,laptop,HP,DW 14,2021,4404
96664219,laptop,HP,DW 15,2022,1713
50634930,laptop,Asos,VIVO 19 Pro,2021,4488
11732595,laptop,Lenovo,IdeaPad 9,2022,3999
53502798,laptop,Asos,VIVO 19,2021,4809
42323299,laptop,HP,DW 13,2020,3115
27098310,laptop,HP,DW 11 Pro,2018,6022
65160011,laptop,Lenovo,IdeaPad 5,2018,7111
29438608,laptop,Apple,MacBook 2,2022,5185
74984361,laptop,Asos,VIVO 15,2017,6096
62982174,laptop,Apple,MacBook 2,2022,5293
71885951,laptop,HP,DW 10,2017,6659
68088908,laptop,Apple,MacBook 1,2021,5770
69497318,laptop,Lenovo,IdeaPad 8,2021,5234
49363854,laptop,Lenovo,IdeaPad 8,2021,4458
90372541,laptop,Apple,MacBook 2,2022,5006
40414241,laptop,Lenovo,IdeaPad 6,2019,3920
93269067,laptop,Apple,MacBook 2 Pro,2022,6474
73637587,laptop,Lenovo,IdeaPad 5 Pro,2018,5928
43992154,laptop,Apple,MacBook 2,2022,5549
97620382,laptop,Apple,MacBook 1 Pro,2021,5992
15319559,laptop,HP,DW 12 Pro,2019,3622
50669753,laptop,Apple,MacBook 2,2022,5888
25619132,laptop,Lenovo,IdeaPad 8 Pro,2021,4473
33233405,laptop,Apple,MacBook 2 Pro,2022,5762
65223769,laptop,Apple,MacBook 2,2022,5837
11122832,laptop,Apple,MacBook 1,2021,5003
34988798,laptop,Asos,VIVO 20,2022,2590
29499730,laptop,Asos,VIVO 19 Pro,2021,5271
36787573,laptop,Asos,VIVO 15,2017,6078
94135155,laptop,Apple,MacBook 2,2022,5443
32944113,laptop,Lenovo,IdeaPad 9,2022,5180
80347136,laptop,Lenovo,IdeaPad 5,2018,6105
96272118,laptop,Lenovo,IdeaPad 9,2022,5359
27906305,laptop,Asos,VIVO 20,2022,3795
35688488,laptop,Lenovo,IdeaPad 6,2019,5231
12512557,laptop,Asos,VIVO 19 Pro,2021,4202
38256538,laptop,HP,DW 12,2019,2719
37561381,laptop,Apple,MacBook 2,2022,5484
87317625,laptop,HP,DW 14,2021,1566
84810253,laptop,HP,DW 13,2020,2042
99297382,laptop,Lenovo,IdeaPad 6,2019,3706
30494604,laptop,Apple,MacBook 2 Pro,2022,6484
61824901,laptop,HP,DW 12,2019,1885
77969774,laptop,Asos,VIVO 19,2021,4574
54361600,laptop,Apple,MacBook 1,2021,5807
80536638,laptop,Lenovo,IdeaPad 7 Pro,2020,4800
65822131,laptop,Lenovo,IdeaPad 9,2022,5138
54510043,laptop,Lenovo,IdeaPad 7,2020,4233
98392247,laptop,Asos,VIVO 18,2020,4765
96293703,laptop,Lenovo,IdeaPad 9,2022,5153
39790041,laptop,Asos,VIVO 20,2022,4873
87285156,laptop,HP,DW 14,2021,3800
60286904,laptop,HP,DW 14,2021,3642
85310959,laptop,Lenovo,IdeaPad 7,2020,3519
70257883,laptop,Lenovo,IdeaPad 6,2019,3931
56111180,laptop,Lenovo,IdeaPad 5,2018,6903
63075242,laptop,HP,DW 15,2022,2808
38206071,laptop,Asos,VIVO 20,2022,2510
80241750,laptop,Apple,MacBook 2 Pro,2022,5776
64877237,laptop,Apple,MacBook 2,2022,5913
16321457,laptop,Apple,MacBook 1,2021,5905
42502650,laptop,Apple,MacBook 2,2022,5377
72702870,laptop,Lenovo,IdeaPad 8,2021,4466
90164394,laptop,Lenovo,IdeaPad 8,2021,5116
20854218,laptop,Lenovo,IdeaPad 5,2018,7968
17354225,laptop,Apple,MacBook 1,2021,5976
96659058,laptop,HP,DW 10,2017,6915
48913999,smartphone,Xiaomi,Redmi A8 Pro,2021,2164
43346231,smartphone,Xiaomi,Redmi A6,2019,775
99129589,smartphone,Xiaomi,Redmi A5,2018,2183
12983002,smartphone,Apple,IPhone 14,2022,2999
86607034,smartphone,Samsung,Galaxy S18 Pro,2018,3720
47503700,smartphone,Google,Pixel 3 Pro,2018,4314
31920941,smartphone,Xiaomi,Redmi A5 Pro,2018,3433
21630359,smartphone,Apple,IPhone 14,2022,2719
16820002,smartphone,Xiaomi,Redmi A9,2022,525
11041310,smartphone,Samsung,Galaxy S13,2013,3202
76177622,smartphone,Samsung,Galaxy S18,2018,4899
14448294,smartphone,Apple,IPhone 12,2020,2889
44174699,smartphone,Google,Pixel 2,2017,4249
21761633,smartphone,Xiaomi,Redmi A6 Pro,2019,1204
98699552,smartphone,Apple,IPhone 11,2019,3134
32555610,smartphone,Google,Pixel 7,2022,2516
83097474,smartphone,Google,Pixel 1,2016,2729
41147104,smartphone,Samsung,Galaxy S21,2021,945
48752009,smartphone,Apple,IPhone 11,2019,2576
96248636,smartphone,Google,Pixel 6 Pro,2021,2339
97709482,smartphone,Xiaomi,Redmi A7,2020,1108
47373660,smartphone,Samsung,Galaxy S20,2020,2743
33116906,smartphone,Google,Pixel 6,2021,2275
13351624,smartphone,Xiaomi,Redmi A9,2022,623
15702815,smartphone,Google,Pixel 6,2021,1818
87652643,smartphone,Xiaomi,Redmi A8,2021,612
55444616,smartphone,Apple,IPhone 14,2022,2918
80926017,smartphone,Samsung,Galaxy S19,2019,1448
53877138,smartphone,Samsung,Galaxy S17 Pro,2017,5087
71511728,smartphone,Xiaomi,Redmi A6,2019,706
96296883,smartphone,Xiaomi,Redmi A6,2019,525
89171491,smartphone,Xiaomi,Redmi A5 Pro,2018,3181
13040993,smartphone,Google,Pixel 6,2021,1978
93014438,smartphone,Apple,IPhone 8,2016,5188
83802651,smartphone,Apple,IPhone 13,2021,2777
39861240,smartphone,Samsung,Galaxy S22,2022,964
17164491,smartphone,Google,Pixel 6 Pro,2021,2346
19808679,smartphone,Samsung,Galaxy S20,2020,1529
53687586,smartphone,Google,Pixel 1,2016,3000
50956801,smartphone,Apple,IPhone 8,2016,4563
66159063,smartphone,Samsung,Galaxy S20,2020,1391
31881960,smartphone,Google,Pixel 4,2019,2480
77488995,smartphone,Samsung,Galaxy S14,2014,4102
85126539,smartphone,Apple,IPhone 11,2019,3289
94970608,smartphone,Apple,IPhone 9,2017,4928
49747990,smartphone,Xiaomi,Redmi A8,2021,622
14982292,smartphone,Samsung,Galaxy S13,2013,4166
59762629,smartphone,Xiaomi,Redmi A8,2021,664
19444960,smartphone,Samsung,Galaxy S15,2015,4655
32570685,smartphone,Xiaomi,Redmi A5 Pro,2018,3110
28447142,smartphone,Xiaomi,Redmi A6,2019,1677
17407054,smartphone,Google,Pixel 5,2020,1662
30046238,smartphone,Xiaomi,Redmi A5,2018,2548
32803504,smartphone,Samsung,Galaxy S16,2016,3486
83871297,smartphone,Samsung,Galaxy S19,2019,729
48994689,smartphone,Xiaomi,Redmi A5,2018,2876
91031835,smartphone,Xiaomi,Redmi A5,2018,2854
66033947,smartphone,Apple,IPhone 9,2017,4996
14889506,smartphone,Google,Pixel 7,2022,1572
88828948,smartphone,Xiaomi,Redmi A8,2021,1558
27475391,smartphone,Apple,IPhone 9,2017,4020
12634051,smartphone,Samsung,Galaxy S22 Pro,2022,1469
30136766,smartphone,Samsung,Galaxy S16,2016,3329
70914711,smartphone,Apple,IPhone 10,2018,3900
13058598,smartphone,Samsung,Galaxy S22,2022,1202
30006052,smartphone,Apple,IPhone 8,2016,5198
64848473,smartphone,Google,Pixel 1 Pro,2016,4328
18772416,smartphone,Google,Pixel 2,2017,4210
17457581,smartphone,Apple,IPhone 10,2018,3379
10987792,smartphone,Samsung,Galaxy S18,2018,3559
77982936,smartphone,Xiaomi,Redmi A9 Pro,2022,1936
63268840,smartphone,Samsung,Galaxy S13 Pro,2013,4733
71381865,smartphone,Apple,IPhone 9,2017,3858
51166327,smartphone,Google,Pixel 2 Pro,2017,4531
21854033,smartphone,Xiaomi,Redmi A5,2018,2126
69123503,smartphone,Xiaomi,Redmi A9,2022,1777
46451343,smartphone,Xiaomi,Redmi A7 Pro,2020,1494
30686955,smartphone,Samsung,Galaxy S13,2013,4431
69879828,smartphone,Samsung,Galaxy S18 Pro,2018,4421
89741978,smartphone,Xiaomi,Redmi A7,2020,1738
64863131,smartphone,Samsung,Galaxy S22,2022,1412
67538490,smartphone,Samsung,Galaxy S16,2016,3525
83362203,smartphone,Google,Pixel 3,2018,3265
95233843,smartphone,Google,Pixel 1,2016,4039
65459015,smartphone,Samsung,Galaxy S16,2016,4468
27406714,smartphone,Google,Pixel 2,2017,3515
49968179,smartphone,Google,Pixel 6 Pro,2021,2695
56114961,smartphone,Xiaomi,Redmi A5 Pro,2018,2719
56244975,smartphone,Google,Pixel 5,2020,1755
93828034,smartphone,Google,Pixel 1,2016,2899
93393595,smartphone,Samsung,Galaxy S22,2022,2843
19081009,smartphone,Samsung,Galaxy S17 Pro,2017,3527
52630823,smartphone,Xiaomi,Redmi A8,2021,1742
63589236,smartphone,Apple,IPhone 14,2022,2802
54626753,smartphone,Samsung,Galaxy S17,2017,3095
68931268,smartphone,Apple,IPhone 13,2021,3214
61840738,smartphone,Apple,IPhone 11 Pro,2019,3118
71146925,smartphone,Xiaomi,Redmi A7 Pro,2020,2006
73803225,smartphone,Google,Pixel 5,2020,1804
89233698,smartphone,Google,Pixel 6,2021,2431
24386469,smartphone,Xiaomi,Redmi A7,2020,1717
32911139,smartphone,Apple,IPhone 13 Pro,2021,3702
49178231,smartphone,Samsung,Galaxy S16,2016,4495
20435391,smartphone,Xiaomi,Redmi A9,2022,894
91883066,smartphone,Samsung,Galaxy S18,2018,4457
46566850,smartphone,Xiaomi,Redmi A6,2019,1478
50189510,smartphone,Google,Pixel 3,2018,2929
70924211,smartphone,Samsung,Galaxy S15,2015,3047
37087766,smartphone,Xiaomi,Redmi A5,2018,2829
13721801,smartphone,Samsung,Galaxy S22,2022,2936
46172326,smartphone,Xiaomi,Redmi A9 Pro,2022,1167
46430718,smartphone,Apple,IPhone 14 Pro,2022,3641
37635753,smartphone,Google,Pixel 2 Pro,2017,4032
43234527,smartphone,Samsung,Galaxy S15,2015,4096
55324286,smartphone,Samsung,Galaxy S22,2022,944
65307287,smartphone,Apple,IPhone 13 Pro,2021,3328
64186586,smartphone,Google,Pixel 7,2022,1722
49610645,smartphone,Xiaomi,Redmi A6,2019,1308
54489350,smartphone,Apple,IPhone 13,2021,3258
36347992,smartphone,Apple,IPhone 8,2016,4357
60673882,smartphone,Xiaomi,Redmi A9,2022,1358
30277814,smartphone,Apple,IPhone 8,2016,4165
93443004,smartphone,Google,Pixel 1,2016,3534
70045026,smartphone,Xiaomi,Redmi A8 Pro,2021,1865
19889863,smartphone,Xiaomi,Redmi A5,2018,1970
78601710,smartphone,Apple,IPhone 10,2018,4153
63239853,smartphone,Xiaomi,Redmi A6,2019,1483
94533878,smartphone,Apple,IPhone 13,2021,3257
60812353,smartphone,Google,Pixel 4,2019,2634
25666341,smartphone,Samsung,Galaxy S14 Pro,2014,4958
46634205,smartphone,Samsung,Galaxy S14 Pro,2014,5404
76433415,smartphone,Apple,IPhone 9,2017,3380
94506367,smartphone,Samsung,Galaxy S21,2021,2249
54473959,smartphone,Apple,IPhone 10,2018,4766
57462466,smartphone,Google,Pixel 3,2018,2767
95623471,smartphone,Xiaomi,Redmi A6,2019,797
43712041,smartphone,Google,Pixel 3,2018,3754
50558578,smartphone,Xiaomi,Redmi A9 Pro,2022,1805
92560485,smartphone,Samsung,Galaxy S22,2022,2721
91358265,smartphone,Samsung,Galaxy S15,2015,4050
71059939,smartphone,Xiaomi,Redmi A5,2018,2132
31176394,smartphone,Xiaomi,Redmi A8,2021,1469
29093752,smartphone,Google,Pixel 3 Pro,2018,4303
25737985,smartphone,Apple,IPhone 8,2016,5334
47895300,smartphone,Apple,IPhone 12,2020,2924
97134188,smartphone,Xiaomi,Redmi A8,2021,1618
94598511,smartphone,Google,Pixel 3,2018,4197
81997096,smartphone,Apple,IPhone 14,2022,2762
83697235,smartphone,Xiaomi,Redmi A6,2019,1126
28392670,smartphone,Xiaomi,Redmi A8,2021,762
75761729,smartphone,Google,Pixel 4,2019,1697
84127129,smartphone,Apple,IPhone 14,2022,3032
99239798,smartphone,Xiaomi,Redmi A6,2019,1149
49876415,smartphone,Apple,IPhone 11,2019,3111
60679122,smartphone,Xiaomi,Redmi A7,2020,1453
60992220,smartphone,Google,Pixel 6 Pro,2021,2231
92479750,smartphone,Samsung,Galaxy S15,2015,4312
91841330,smartphone,Samsung,Galaxy S16,2016,3146
66212694,smartphone,Google,Pixel 5 Pro,2020,2630
28780029,smartphone,Xiaomi,Redmi A7 Pro,2020,1858
34504195,smartphone,Xiaomi,Redmi A9,2022,1750
96170156,smartphone,Xiaomi,Redmi A7,2020,585
85448239,smartphone,Apple,IPhone 12,2020,3258
47891373,smartphone,Google,Pixel 7,2022,2330
38960327,smartphone,Samsung,Galaxy S20,2020,2531
26507233,smartphone,Xiaomi,Redmi A8,2021,1508
86096615,smartphone,Samsung,Galaxy S22,2022,799
79181919,smartphone,Samsung,Galaxy S21,2021,2011
95314160,smartphone,Apple,IPhone 13,2021,2645
78561292,smartphone,Samsung,Galaxy S21 Pro,2021,2174
92787550,smartphone,Apple,IPhone 9,2017,5457
61382829,smartphone,Google,Pixel 3,2018,3401
68525910,smartphone,Apple,IPhone 9 Pro,2017,5368
39761773,smartphone,Samsung,Galaxy S20 Pro,2020,2830
94913042,smartphone,Samsung,Galaxy S14,2014,4639
83187983,smartphone,Xiaomi,Redmi A7,2020,905
71100126,smartphone,Google,Pixel 1 Pro,2016,3813
62677970,smartphone,Xiaomi,Redmi A8,2021,656
66444305,smartphone,Apple,IPhone 12 Pro,2020,3250
55239335,smartphone,Apple,IPhone 10,2018,4730
29846668,smartphone,Samsung,Galaxy S15,2015,3338
52831708,smartphone,Google,Pixel 3 Pro,2018,3951
45734388,smartphone,Xiaomi,Redmi A7,2020,1441
44914830,smartphone,Apple,IPhone 12 Pro,2020,3230
44032433,smartphone,Xiaomi,Redmi A8,2021,688
87741341,smartphone,Google,Pixel 5,2020,1915
24786991,smartphone,Xiaomi,Redmi A9 Pro,2022,1073
72890343,smartphone,Xiaomi,Redmi A5,2018,2955
20864388,smartphone,Google,Pixel 2,2017,4496
78967580,smartphone,Google,Pixel 5,2020,1549
59459260,smartphone,Google,Pixel 6,2021,2220
61881873,smartphone,Samsung,Galaxy S15,2015,4846
31812192,smartphone,Google,Pixel 6,2021,2546
30944599,smartphone,Apple,IPhone 9,2017,4737
32814716,smartphone,Apple,IPhone 11,2019,2719
80003032,smartphone,Google,Pixel 3,2018,4319
14063215,smartphone,Samsung,Galaxy S20,2020,2979
97684992,smartphone,Xiaomi,Redmi A8,2021,705
14929592,smartphone,Xiaomi,Redmi A7,2020,1568
49045505,smartphone,Samsung,Galaxy S14 Pro,2014,5121
98283512,smartphone,Xiaomi,Redmi A9,2022,598
95277601,smartphone,Google,Pixel 3,2018,3118
29054459,smartphone,Samsung,Galaxy S19,2019,901
59500392,smartphone,Samsung,Galaxy S22 Pro,2022,2264
75313321,smartphone,Samsung,Galaxy S14,2014,3757
12332111,smartphone,Xiaomi,Redmi A7,2020,833
61757135,smartphone,Google,Pixel 7,2022,1882
66142466,smartphone,Google,Pixel 1,2016,3529
90720119,smartphone,Google,Pixel 2,2017,3435
34840632,smartphone,Samsung,Galaxy S18,2018,4166
54175378,smartphone,Apple,IPhone 9 Pro,2017,5494
71938614,smartphone,Apple,IPhone 11,2019,2977
98634423,smartphone,Xiaomi,Redmi A9,2022,1005
68153650,smartphone,Xiaomi,Redmi A8,2021,644
55362057,smartphone,Apple,IPhone 10,2018,5003
76975632,smartphone,Google,Pixel 7,2022,2292
64175927,smartphone,Samsung,Galaxy S15,2015,4519
32347974,smartphone,Samsung,Galaxy S14,2014,3907
26113273,smartphone,Samsung,Galaxy S16,2016,3638
53058252,smartphone,Samsung,Galaxy S15,2015,4320
72027910,smartphone,Samsung,Galaxy S20 Pro,2020,1473
56183952,smartphone,Apple,IPhone 12 Pro,2020,3203
37674425,smartphone,Apple,IPhone 9,2017,4659
54175180,smartphone,Apple,IPhone 9,2017,3887
67647983,smartphone,Google,Pixel 6 Pro,2021,2663
66499724,smartphone,Xiaomi,Redmi A7,2020,1500
13229101,smartphone,Xiaomi,Redmi A9,2022,1490
66034136,smartphone,Samsung,Galaxy S20,2020,1186
46131332,smartphone,Google,Pixel 5,2020,2131
12241677,smartphone,Apple,IPhone 12,2020,3300
85574714,smartphone,Samsung,Galaxy S14,2014,4823
81277779,smartphone,Google,Pixel 7,2022,2139
90737533,smartphone,Samsung,Galaxy S14,2014,4693
12922294,smartphone,Google,Pixel 2,2017,4481
23521762,smartphone,Xiaomi,Redmi A9,2022,1351
84191183,smartphone,Samsung,Galaxy S19,2019,1106
94228723,smartphone,Google,Pixel 3 Pro,2018,4279
50683805,smartphone,Google,Pixel 3 Pro,2018,3573
67824925,smartphone,Apple,IPhone 11 Pro,2019,3563
43035221,smartphone,Xiaomi,Redmi A9,2022,768
48148868,smartphone,Xiaomi,Redmi A9,2022,1157
22642263,smartphone,Xiaomi,Redmi A9,2022,1359
95755413,smartphone,Google,Pixel 3,2018,4286
40852572,smartphone,Apple,IPhone 9,2017,4163
19309302,smartphone,Samsung,Galaxy S17,2017,3176
32702253,smartphone,Samsung,Galaxy S15,2015,3582
85354759,smartphone,Samsung,Galaxy S19 Pro,2019,2807
84883373,smartphone,Xiaomi,Redmi A9 Pro,2022,1438
15785408,smartphone,Apple,IPhone 13,2021,2775
87330852,smartphone,Xiaomi,Redmi A6,2019,1019
52292638,smartphone,Google,Pixel 4,2019,1879
87270326,smartphone,Google,Pixel 4,2019,2016
32357316,smartphone,Apple,IPhone 9,2017,3503
81169094,smartphone,Google,Pixel 3,2018,3092
55131594,smartphone,Google,Pixel 7,2022,2561
92072496,smartphone,Apple,IPhone 8,2016,4975
75004168,smartphone,Xiaomi,Redmi A7 Pro,2020,2187
28104726,smartphone,Samsung,Galaxy S17 Pro,2017,3673
81643118,smartphone,Apple,IPhone 14,2022,2605
93858935,smartphone,Apple,IPhone 14,2022,2701
64412843,smartphone,Xiaomi,Redmi A8,2021,1659
12272302,smartphone,Apple,IPhone 14,2022,2504
58776101,smartphone,Xiaomi,Redmi A7,2020,1638
96173839,smartphone,Apple,IPhone 10,2018,5441
56482163,smartphone,Samsung,Galaxy S22,2022,859
79064574,smartphone,Apple,IPhone 8,2016,5499
99954520,smartphone,Google,Pixel 2,2017,4462
63551124,smartphone,Google,Pixel 6,2021,2676
71173113,smartphone,Apple,IPhone 13,2021,2579
38806298,smartphone,Google,Pixel 3,2018,3260
10977752,smartphone,Xiaomi,Redmi A8,2021,611
80752198,smartphone,Samsung,Galaxy S22,2022,1727
21908944,smartphone,Google,Pixel 1,2016,3900
96177316,smartphone,Xiaomi,Redmi A6,2019,969
19962270,smartphone,Samsung,Galaxy S17,2017,3912
13863311,smartphone,Google,Pixel 1,2016,2896
52898542,smartphone,Google,Pixel 5,2020,2555
22665955,smartphone,Google,Pixel 5,2020,2156
11479745,smartphone,Google,Pixel 3,2018,2871
76744012,smartphone,Google,Pixel 4,2019,1744
16090479,smartphone,Samsung,Galaxy S20,2020,1254
11565714,smartphone,Apple,IPhone 9,2017,5302
14370502,smartphone,Xiaomi,Redmi A9,2022,1122
59634259,smartphone,Apple,IPhone 9,2017,5104
49735809,smartphone,Apple,IPhone 12 Pro,2020,3540
16946419,smartphone,Xiaomi,Redmi A7,2020,1264
57385286,smartphone,Apple,IPhone 9 Pro,2017,3981
67983200,smartphone,Apple,IPhone 13,2021,2846
80131225,smartphone,Samsung,Galaxy S16,2016,4299
17859551,smartphone,Xiaomi,Redmi A6,2019,854
65067540,smartphone,Apple,IPhone 11,2019,2543
61523160,smartphone,Apple,IPhone 14 Pro,2022,3730
33202060,smartphone,Apple,IPhone 14,2022,2993
41625737,smartphone,Samsung,Galaxy S17 Pro,2017,3818
66795339,smartphone,Samsung,Galaxy S21,2021,1774
38645024,smartphone,Apple,IPhone 11 Pro,2019,3214
29931886,smartphone,Google,Pixel 1,2016,4141
67188419,smartphone,Apple,IPhone 12,2020,3067
31487933,smartphone,Xiaomi,Redmi A7,2020,664
12762757,smartphone,Apple,IPhone 10,2018,3845
54413549,smartphone,Apple,IPhone 8,2016,5178
37269824,smartphone,Samsung,Galaxy S22,2022,2135
86519966,smartphone,Apple,IPhone 8 Pro,2016,5253
13195068,smartphone,Apple,IPhone 13,2021,3258
46026751,smartphone,Xiaomi,Redmi A9,2022,1307
36339229,smartphone,Apple,IPhone 8,2016,4459
51396156,smartphone,Apple,IPhone 8,2016,4858
29361532,smartphone,Xiaomi,Redmi A8,2021,786
28768936,smartphone,Apple,IPhone 9,2017,3722
79980551,smartphone,Xiaomi,Redmi A7,2020,948
76813150,smartphone,Samsung,Galaxy S13,2013,4963
15389397,smartphone,Google,Pixel 6,2021,2641
78459982,smartphone,Samsung,Galaxy S16,2016,3533
32142469,smartphone,Samsung,Galaxy S22 Pro,2022,3319
89558077,smartphone,Google,Pixel 7,2022,1770
92093640,smartphone,Google,Pixel 1 Pro,2016,4765
96089602,smartphone,Samsung,Galaxy S21,2021,2076
39619260,smartphone,Samsung,Galaxy S14 Pro,2014,3569
55450613,smartphone,Apple,IPhone 12,2020,2873
26815320,smartphone,Samsung,Galaxy S13,2013,3473
92111506,smartphone,Apple,IPhone 14,2022,3090
82062381,smartphone,Apple,IPhone 13,2021,2866
66232895,smartphone,Samsung,Galaxy S16,2016,4912
56608111,smartphone,Samsung,Galaxy S15 Pro,2015,3502
17854020,smartphone,Xiaomi,Redmi A9 Pro,2022,1429
31315996,smartphone,Apple,IPhone 14,2022,2607
19092221,smartphone,Xiaomi,Redmi A6,2019,1740
84001598,smartphone,Xiaomi,Redmi A8 Pro,2021,2099
88786396,smartphone,Xiaomi,Redmi A6 Pro,2019,1498
98644575,smartphone,Apple,IPhone 10 Pro,2018,3847
24971192,smartphone,Apple,IPhone 14,2022,2646
10827302,smartphone,Google,Pixel 6,2021,2025
72865739,smartphone,Google,Pixel 7 Pro,2022,2406
63002581,smartphone,Apple,IPhone 9,2017,5057
12932891,smartphone,Xiaomi,Redmi A6,2019,577
69008551,smartphone,Google,Pixel 6,2021,2632
40770369,smartphone,Google,Pixel 2,2017,2963
83813989,smartphone,Google,Pixel 2,2017,3167
72995814,smartphone,Google,Pixel 5,2020,1937
75480683,smartphone,Samsung,Galaxy S22 Pro,2022,1780
36848146,smartphone,Samsung,Galaxy S17,2017,4428
12592976,smartphone,Google,Pixel 7,2022,2319
11664247,smartphone,Google,Pixel 3,2018,4378
14360567,smartphone,Xiaomi,Redmi A8,2021,1288
34586645,smartphone,Xiaomi,Redmi A7,2020,1658
47424394,smartphone,Samsung,Galaxy S17,2017,3157
35475392,smartphone,Google,Pixel 4 Pro,2019,2539
81878604,smartphone,Xiaomi,Redmi A8,2021,629
14551547,smartphone,Samsung,Galaxy S22,2022,1340
40171849,smartphone,Xiaomi,Redmi A9,2022,874
62366773,smartphone,Xiaomi,Redmi A7,2020,963
16588782,smartphone,Xiaomi,Redmi A6 Pro,2019,1288
43818514,smartphone,Apple,IPhone 14,2022,3206
83361880,smartphone,Xiaomi,Redmi A7,2020,1404
75361174,smartphone,Xiaomi,Redmi A8,2021,1694
93309376,smartphone,Apple,IPhone 12,2020,3036
91647086,smartphone,Xiaomi,Redmi A9,2022,741
55949801,smartphone,Samsung,Galaxy S15,2015,4930
76357967,smartphone,Xiaomi,Redmi A7,2020,1409
41553023,smartphone,Samsung,Galaxy S20 Pro,2020,2981
44025510,smartphone,Xiaomi,Redmi A9,2022,1163
35553090,smartphone,Xiaomi,Redmi A5,2018,2829
21987870,smartphone,Xiaomi,Redmi A9,2022,1495
46486834,smartphone,Xiaomi,Redmi A6,2019,912
22753051,smartphone,Apple,IPhone 10,2018,5319
74039609,smartphone,Apple,IPhone 8,2016,3736
48631739,smartphone,Google,Pixel 1,2016,4189
46853317,smartphone,Apple,IPhone 12,2020,2661
80980427,smartphone,Apple,IPhone 8 Pro,2016,4056
91965181,smartphone,Samsung,Galaxy S21,2021,2649
87278973,smartphone,Google,Pixel 1,2016,3112
67879996,smartphone,Apple,IPhone 11,2019,3191
51076554,smartphone,Google,Pixel 7,2022,1609
74644905,smartphone,Xiaomi,Redmi A7 Pro,2020,1463
29087622,smartphone,Samsung,Galaxy S15,2015,3238
23782003,smartphone,Samsung,Galaxy S19,2019,2027
84120971,smartphone,Xiaomi,Redmi A7,2020,502
67872304,smartphone,Samsung,Galaxy S22,2022,2117
48342345,smartphone,Apple,IPhone 12,2020,2606
58164484,smartphone,Samsung,Galaxy S14 Pro,2014,4812
56246386,smartphone,Xiaomi,Redmi A8 Pro,2021,1338
40473293,smartphone,Samsung,Galaxy S17,2017,4218
65112087,smartphone,Xiaomi,Redmi A8,2021,925
38977668,smartphone,Samsung,Galaxy S21,2021,2605
17561973,smartphone,Xiaomi,Redmi A7,2020,997
18051095,smartphone,Google,Pixel 1,2016,3693
82475199,smartphone,Samsung,Galaxy S18,2018,3962
76240501,smartphone,Apple,IPhone 9,2017,4746
99787875,smartphone,Google,Pixel 4,2019,1995
89023787,smartphone,Xiaomi,Redmi A6,2019,512
77206916,smartphone,Google,Pixel 4,2019,2655
89667550,smartphone,Apple,IPhone 9,2017,3603
16353773,smartphone,Xiaomi,Redmi A9,2022,1412
14786389,smartphone,Xiaomi,Redmi A9,2022,601
73398847,smartphone,Apple,IPhone 11 Pro,2019,3235
98904156,smartphone,Apple,IPhone 12 Pro,2020,3782
38931713,smartphone,Google,Pixel 3 Pro,2018,3487
26943941,smartphone,Google,Pixel 7,2022,2529
29740942,smartphone,Xiaomi,Redmi A8 Pro,2021,1747
60087002,smartphone,Google,Pixel 5,2020,2364
64473319,smartphone,Apple,IPhone 12,2020,3203
45371688,smartphone,Samsung,Galaxy S22,2022,1490
81774719,smartphone,Apple,IPhone 9,2017,4550
92433988,smartphone,Xiaomi,Redmi A7,2020,693
73703206,smartphone,Google,Pixel 5 Pro,2020,2944
66120739,smartphone,Samsung,Galaxy S18,2018,3275
52756673,smartphone,Samsung,Galaxy S20 Pro,2020,3047
58295523,smartphone,Apple,IPhone 11,2019,3073
39474453,smartphone,Samsung,Galaxy S22,2022,2062
91496874,smartphone,Apple,IPhone 14,2022,2655
23128482,smartphone,Samsung,Galaxy S22,2022,1028
36582123,smartphone,Xiaomi,Redmi A8,2021,881
35280236,smartphone,Google,Pixel 7,2022,2547
49246192,smartphone,Xiaomi,Redmi A8,2021,1373
31925594,smartphone,Samsung,Galaxy S19,2019,729
13145601,smartphone,Samsung,Galaxy S14 Pro,2014,5359
28218821,smartphone,Google,Pixel 7,2022,2384
59999429,smartphone,Xiaomi,Redmi A9,2022,1447
59993501,smartphone,Xiaomi,Redmi A8,2021,812
20299524,smartphone,Xiaomi,Redmi A9,2022,839
26859247,smartphone,Xiaomi,Redmi A8,2021,838
97476057,smartphone,Xiaomi,Redmi A6,2019,1104
64230027,smartphone,Apple,IPhone 9,2017,5439
98642634,smartphone,Samsung,Galaxy S14,2014,3979
68729741,smartphone,Samsung,Galaxy S18,2018,4990
92576298,smartphone,Apple,IPhone 10,2018,5371
25563714,smartphone,Apple,IPhone 11 Pro,2019,3709
90342268,smartphone,Samsung,Galaxy S17 Pro,2017,3795
90711157,smartphone,Google,Pixel 4,2019,1504
41211781,smartphone,Google,Pixel 2,2017,4004
65573984,smartphone,Samsung,Galaxy S17 Pro,2017,4802
96464362,smartphone,Google,Pixel 2,2017,4043
44507814,smartphone,Google,Pixel 7 Pro,2022,2798
90059212,smartphone,Xiaomi,Redmi A9,2022,1543
88182565,smartphone,Apple,IPhone 13 Pro,2021,3357
42081866,smartphone,Samsung,Galaxy S13,2013,3524
66905593,smartphone,Samsung,Galaxy S20,2020,2377
55689388,smartphone,Google,Pixel 6,2021,2625
80894309,smartphone,Xiaomi,Redmi A9 Pro,2022,1624
63876628,smartphone,Xiaomi,Redmi A6,2019,802
32545329,smartphone,Xiaomi,Redmi A9,2022,1616
77893404,smartphone,Samsung,Galaxy S17,2017,3902
81891506,smartphone,Google,Pixel 4,2019,2420
67030155,smartphone,Apple,IPhone 11,2019,2813
16458466,smartphone,Apple,IPhone 9,2017,5183
57622117,smartphone,Samsung,Galaxy S22,2022,1145
60382049,smartphone,Samsung,Galaxy S22,2022,2288
93349994,smartphone,Xiaomi,Redmi A9,2022,1397
68577388,smartphone,Samsung,Galaxy S17,2017,4442
22293265,smartphone,Samsung,Galaxy S18,2018,4819
70953189,smartphone,Samsung,Galaxy S16,2016,3664
89036023,smartphone,Google,Pixel 7,2022,1772
51578545,smartphone,Samsung,Galaxy S21,2021,706
86276052,smartphone,Google,Pixel 6,2021,2621
67371573,smartphone,Xiaomi,Redmi A7,2020,1721
93001164,smartphone,Apple,IPhone 8,2016,4919
50290014,smartphone,Google,Pixel 5,2020,2214
73072972,smartphone,Apple,IPhone 8,2016,5036
58220492,smartphone,Samsung,Galaxy S16,2016,3560
19206997,smartphone,Xiaomi,Redmi A9,2022,1623
20330140,smartphone,Apple,IPhone 10,2018,4741
46613674,smartphone,Apple,IPhone 12,2020,2904
78938988,smartphone,Google,Pixel 7 Pro,2022,2554
23471642,smartphone,Google,Pixel 2,2017,3805
28982783,smartphone,Samsung,Galaxy S19,2019,1492
40906977,smartphone,Apple,IPhone 10,2018,3845
37811061,smartphone,Xiaomi,Redmi A7,2020,1315
80091239,smartphone,Apple,IPhone 9,2017,4982
94459785,smartphone,Xiaomi,Redmi A7,2020,532
29819159,smartphone,Google,Pixel 3,2018,3000
75234987,smartphone,Apple,IPhone 13,2021,2816
25777871,smartphone,Google,Pixel 4,2019,2369
78617832,smartphone,Xiaomi,Redmi A8,2021,748
10393009,smartphone,Apple,IPhone 8,2016,3911
73078709,smartphone,Google,Pixel 5,2020,2484
31702685,smartphone,Apple,IPhone 14 Pro,2022,3197
20118974,smartphone,Xiaomi,Redmi A8,2021,712
81111686,smartphone,Apple,IPhone 13,2021,2599
28476236,smartphone,Google,Pixel 5 Pro,2020,2733
57774801,smartphone,Samsung,Galaxy S22,2022,2472
18824708,smartphone,Samsung,Galaxy S22,2022,2740
42536943,smartphone,Xiaomi,Redmi A8,2021,1465
49426504,smartphone,Google,Pixel 3,2018,3672
15875129,smartphone,Google,Pixel 3,2018,2746
22565877,smartphone,Google,Pixel 5 Pro,2020,3196
20865346,smartphone,Xiaomi,Redmi A9,2022,618
35177786,smartphone,Xiaomi,Redmi A9 Pro,2022,1896
19546162,smartphone,Google,Pixel 1,2016,2966
98171533,smartphone,Xiaomi,Redmi A5,2018,2646
55323107,smartphone,Samsung,Galaxy S19,2019,1758
24839684,smartphone,Samsung,Galaxy S15,2015,3305
54999789,smartphone,Apple,IPhone 9,2017,3393
69000107,smartphone,Google,Pixel 5,2020,2640
55094600,smartphone,Google,Pixel 1,2016,3295
93811188,smartphone,Xiaomi,Redmi A8,2021,898
37817751,smartphone,Xiaomi,Redmi A9,2022,646
58616414,smartphone,Google,Pixel 7,2022,2036
22181880,smartphone,Google,Pixel 2,2017,2895
72270707,smartphone,Samsung,Galaxy S15 Pro,2015,4789
18304484,smartphone,Google,Pixel 1 Pro,2016,3917
53436378,smartphone,Xiaomi,Redmi A7,2020,1155
65527068,smartphone,Apple,IPhone 14,2022,3179
14510074,smartphone,Xiaomi,Redmi A8 Pro,2021,1589
77421292,smartphone,Xiaomi,Redmi A8,2021,1778
15578894,smartphone,Google,Pixel 3,2018,3201
49620780,smartphone,Xiaomi,Redmi A8,2021,675
12466647,smartphone,Apple,IPhone 13,2021,2857
89009270,smartphone,Samsung,Galaxy S22,2022,961
50335964,smartphone,Samsung,Galaxy S18 Pro,2018,5121
59244407,smartphone,Xiaomi,Redmi A7,2020,644
66870953,smartphone,Samsung,Galaxy S19,2019,2941
77072750,smartphone,Apple,IPhone 10,2018,4180
45538830,smartphone,Xiaomi,Redmi A7,2020,513
74848607,smartphone,Xiaomi,Redmi A8,2021,1527
32832341,smartphone,Samsung,Galaxy S20 Pro,2020,1674
38407593,smartphone,Samsung,Galaxy S16,2016,3186
56362359,smartphone,Samsung,Galaxy S22,2022,2215
97888944,smartphone,Samsung,Galaxy S20,2020,2309
87043190,smartphone,Xiaomi,Redmi A7,2020,846
54852669,smartphone,Apple,IPhone 10,2018,4184
40345715,smartphone,Apple,IPhone 8,2016,4967
45070911,smartphone,Apple,IPhone 11,2019,3069
60875919,smartphone,Apple,IPhone 13,2021,2648
67701188,smartphone,Xiaomi,Redmi A5,2018,2975
99858981,smartphone,Google,Pixel 4,2019,1708
40126456,smartphone,Samsung,Galaxy S22,2022,2993
22394928,smartphone,Xiaomi,Redmi A9,2022,985
22631766,smartphone,Google,Pixel 6,2021,2478
23827210,smartphone,Google,Pixel 5,2020,1794
12769846,smartphone,Apple,IPhone 11 Pro,2019,3716
61775688,smartphone,Apple,IPhone 9 Pro,2017,3849
38229336,smartphone,Google,Pixel 6,2021,2416
12744791,smartphone,Xiaomi,Redmi A9,2022,1718
22502099,smartphone,Apple,IPhone 10,2018,4401
54536652,smartphone,Apple,IPhone 8,2016,3445
36747131,smartphone,Apple,IPhone 10,2018,5411
39533202,smartphone,Apple,IPhone 10,2018,4865
40562525,smartphone,Samsung,Galaxy S20,2020,2237
17518345,smartphone,Samsung,Galaxy S22 Pro,2022,1315
18071013,smartphone,Apple,IPhone 8,2016,3613
10546636,smartphone,Xiaomi,Redmi A9,2022,935
13290999,smartphone,Xiaomi,Redmi A6,2019,1606
91741599,smartphone,Samsung,Galaxy S19,2019,2726
38441859,smartphone,Samsung,Galaxy S15,2015,3053
35733273,smartphone,Apple,IPhone 12,2020,2869
55790464,smartphone,Google,Pixel 2,2017,3441
86345066,smartphone,Xiaomi,Redmi A7,2020,983
91909140,smartphone,Samsung,Galaxy S18,2018,3675
90101972,smartphone,Apple,IPhone 9,2017,3521
33404599,smartphone,Google,Pixel 2,2017,3126
99317320,smartphone,Samsung,Galaxy S18 Pro,2018,4761
73864809,smartphone,Google,Pixel 4 Pro,2019,2085
62778690,smartphone,Xiaomi,Redmi A6,2019,1303
39954539,smartphone,Samsung,Galaxy S21,2021,921
49328890,smartphone,Samsung,Galaxy S18,2018,3759
34048053,smartphone,Apple,IPhone 14,2022,2875
23217889,smartphone,Xiaomi,Redmi A9,2022,923
25878505,smartphone,Google,Pixel 1,2016,3812
17800676,smartphone,Samsung,Galaxy S19,2019,864
95167172,smartphone,Google,Pixel 7,2022,1688
10141035,smartphone,Samsung,Galaxy S21,2021,948
62397258,smartphone,Samsung,Galaxy S15,2015,4118
83089494,smartphone,Xiaomi,Redmi A7,2020,991
88950295,smartphone,Xiaomi,Redmi A5,2018,2697
93835268,smartphone,Google,Pixel 6 Pro,2021,2801
40126720,smartphone,Samsung,Galaxy S16,2016,4600
38766719,smartphone,Xiaomi,Redmi A8,2021,758
58925789,smartphone,Samsung,Galaxy S21,2021,2555
20845116,smartphone,Xiaomi,Redmi A9 Pro,2022,1652
91074024,smartphone,Google,Pixel 2,2017,3472
72085585,smartphone,Google,Pixel 2,2017,3230
21415329,smartphone,Samsung,Galaxy S22,2022,2298
84358436,smartphone,Google,Pixel 6,2021,2505
71406419,smartphone,Apple,IPhone 10,2018,5049
83824433,smartphone,Apple,IPhone 10,2018,4053
62000575,smartphone,Apple,IPhone 8,2016,4940
84176446,smartphone,Xiaomi,Redmi A9,2022,1122
46811655,smartphone,Google,Pixel 1 Pro,2016,3702
73508381,smartphone,Apple,IPhone 14 Pro,2022,3442
74772686,smartphone,Apple,IPhone 13,2021,2573
20730958,smartphone,Google,Pixel 7,2022,1990
69483849,smartphone,Xiaomi,Redmi A8,2021,874
11825564,smartphone,Google,Pixel 7 Pro,2022,2620
26009526,smartphone,Xiaomi,Redmi A5,2018,1946
35070840,smartphone,Samsung,Galaxy S22 Pro,2022,1792
88647214,smartphone,Xiaomi,Redmi A7,2020,677
87718322,smartphone,Google,Pixel 5,2020,1741
52924786,smartphone,Xiaomi,Redmi A8,2021,1706
64235917,smartphone,Xiaomi,Redmi A8,2021,614
23065960,smartphone,Google,Pixel 6,2021,2328
82064588,smartphone,Xiaomi,Redmi A7,2020,1232
11772942,smartphone,Apple,IPhone 12 Pro,2020,3067
71153504,smartphone,Samsung,Galaxy S19,2019,2811
79419154,smartphone,Xiaomi,Redmi A6,2019,1664
68389359,smartphone,Apple,IPhone 9,2017,4728
27562049,smartphone,Google,Pixel 7,2022,1941
27007533,smartphone,Google,Pixel 2 Pro,2017,3233
83764573,smartphone,Xiaomi,Redmi A6,2019,776
58803390,smartphone,Apple,IPhone 10 Pro,2018,4831
11411176,smartphone,Xiaomi,Redmi A7,2020,943
33157151,smartphone,Xiaomi,Redmi A6,2019,547
29543094,smartphone,Apple,IPhone 12,2020,2994
12256955,smartphone,Samsung,Galaxy S21,2021,2989
63286677,smartphone,Xiaomi,Redmi A8,2021,791
86543160,smartphone,Google,Pixel 1,2016,2956
79573787,smartphone,Samsung,Galaxy S22,2022,1092
74787027,smartphone,Xiaomi,Redmi A7,2020,997
98473503,smartphone,Google,Pixel 2 Pro,2017,3386
10248195,smartphone,Samsung,Galaxy S16 Pro,2016,5080
89406714,smartphone,Google,Pixel 5 Pro,2020,2127
14949768,smartphone,Samsung,Galaxy S18,2018,3064
37528686,smartphone,Samsung,Galaxy S20,2020,1291
60530913,smartphone,Xiaomi,Redmi A9 Pro,2022,1652
73167487,smartphone,Samsung,Galaxy S14 Pro,2014,4493
46640580,smartphone,Xiaomi,Redmi A7,2020,1029
76255013,smartphone,Samsung,Galaxy S19,2019,1516
83151037,smartphone,Samsung,Galaxy S21,2021,738
22984254,smartphone,Samsung,Galaxy S21,2021,2421
57345488,smartphone,Apple,IPhone 13,2021,2783
82017714,smartphone,Google,Pixel 1 Pro,2016,4142
57605634,smartphone,Apple,IPhone 13,2021,3278
19559652,smartphone,Google,Pixel 3,2018,3538
47395973,smartphone,Xiaomi,Redmi A9,2022,541
22285305,smartphone,Samsung,Galaxy S18,2018,3943
83555713,smartphone,Google,Pixel 5 Pro,2020,2236
95499788,smartphone,Apple,IPhone 14,2022,2506
71139437,smartphone,Apple,IPhone 11,2019,3014
51302160,smartphone,Samsung,Galaxy S18,2018,4510
34062139,smartphone,Apple,IPhone 12,2020,2720
55731683,smartphone,Samsung,Galaxy S15,2015,3155
92486002,smartphone,Xiaomi,Redmi A9,2022,1266
54219899,smartphone,Xiaomi,Redmi A6,2019,1797
73280463,smartphone,Apple,IPhone 13,2021,2675
19712117,smartphone,Apple,IPhone 14,2022,2507
53512076,smartphone,Xiaomi,Redmi A8,2021,784
83099684,smartphone,Xiaomi,Redmi A8,2021,1029
67787241,smartphone,Google,Pixel 3,2018,4477
50742541,smartphone,Xiaomi,Redmi A7,2020,1589
60948867,smartphone,Apple,IPhone 8,2016,4876
45992236,smartphone,Xiaomi,Redmi A7,2020,1478
77307609,smartphone,Apple,IPhone 8,2016,4941
22203758,smartphone,Apple,IPhone 9,2017,3878
70868748,smartphone,Samsung,Galaxy S15,2015,3980
44838676,smartphone,Apple,IPhone 14,2022,3123
46756634,smartphone,Samsung,Galaxy S19,2019,2886
88599450,smartphone,Google,Pixel 7,2022,2558
32571148,smartphone,Samsung,Galaxy S21,2021,2467
44043846,smartphone,Xiaomi,Redmi A9,2022,1740
23922104,smartphone,Samsung,Galaxy S16 Pro,2016,3509
47253144,smartphone,Xiaomi,Redmi A7,2020,1269
48207232,smartphone,Google,Pixel 5,2020,1605
20504820,smartphone,Apple,IPhone 9,2017,4597
56088104,smartphone,Apple,IPhone 9,2017,3972
51344980,smartphone,Samsung,Galaxy S22 Pro,2022,2596
72562150,smartphone,Apple,IPhone 14 Pro,2022,3634
98076898,smartphone,Samsung,Galaxy S17 Pro,2017,4485
77696320,smartphone,Samsung,Galaxy S14,2014,4092
89994445,smartphone,Xiaomi,Redmi A5,2018,2414
13591076,smartphone,Samsung,Galaxy S21,2021,905
42185898,smartphone,Apple,IPhone 11,2019,2833
56854901,smartphone,Xiaomi,Redmi A7,2020,1643
52406442,smartphone,Xiaomi,Redmi A8,2021,1235
59683657,smartphone,Xiaomi,Redmi A7,2020,1331
62263950,smartphone,Apple,IPhone 13,2021,3232
63257199,smartphone,Samsung,Galaxy S18,2018,3585
27526826,smartphone,Xiaomi,Redmi A5,2018,2452
17288625,smartphone,Xiaomi,Redmi A7,2020,970
89487931,smartphone,Apple,IPhone 11,2019,2683
58714450,smartphone,Apple,IPhone 9,2017,4037
23375162,smartphone,Xiaomi,Redmi A9 Pro,2022,2250
30918964,smartphone,Samsung,Galaxy S16,2016,4609
31812116,smartphone,Apple,IPhone 13,2021,2527
94218848,smartphone,Samsung,Galaxy S14 Pro,2014,4668
48500083,smartphone,Samsung,Galaxy S16,2016,3968
76799799,smartphone,Xiaomi,Redmi A6,2019,1755
55670580,smartphone,Samsung,Galaxy S18,2018,3188
66295877,smartphone,Samsung,Galaxy S14,2014,4094
43452122,smartphone,Apple,IPhone 12,2020,2584
92131078,smartphone,Google,Pixel 3,2018,3409
85865847,smartphone,Apple,IPhone 13,2021,3238
58610958,smartphone,Xiaomi,Redmi A6,2019,602
80246210,smartphone,Apple,IPhone 9 Pro,2017,4587
99177762,smartphone,Samsung,Galaxy S13 Pro,2013,5450
79065896,smartphone,Google,Pixel 2,2017,3468
10005836,smartphone,Samsung,Galaxy S20 Pro,2020,2917
68861447,smartphone,Xiaomi,Redmi A5 Pro,2018,2612
79073819,smartphone,Xiaomi,Redmi A7 Pro,2020,1679
84981498,smartphone,Xiaomi,Redmi A9,2022,761
56649378,smartphone,Xiaomi,Redmi A8,2021,1521
73845576,smartphone,Samsung,Galaxy S16,2016,3113
28450917,smartphone,Apple,IPhone 9,2017,4515
96252099,smartphone,Xiaomi,Redmi A5,2018,1981
44257078,smartphone,Google,Pixel 1 Pro,2016,3965
48292397,smartphone,Google,Pixel 7,2022,2488
29092899,smartphone,Samsung,Galaxy S15,2015,3270
72921247,smartphone,Samsung,Galaxy S22 Pro,2022,1320
25446232,smartphone,Xiaomi,Redmi A7,2020,976
78584925,smartphone,Samsung,Galaxy S20,2020,2042
18298904,smartphone,Xiaomi,Redmi A6,2019,1774
41626010,smartphone,Xiaomi,Redmi A8,2021,1054
60734658,smartphone,Apple,IPhone 11,2019,2923
15814029,smartphone,Xiaomi,Redmi A9 Pro,2022,2130
70507340,smartphone,Google,Pixel 4,2019,2014
33702692,smartphone,Samsung,Galaxy S13,2013,4313
92026206,smartphone,Apple,IPhone 10,2018,4553
54355389,smartphone,Samsung,Galaxy S14,2014,3717
73137009,smartphone,Apple,IPhone 13 Pro,2021,3505
66441169,smartphone,Google,Pixel 4,2019,1941
92713273,smartphone,Samsung,Galaxy S19,2019,983
49576442,smartphone,Google,Pixel 5,2020,1501
58967943,smartphone,Samsung,Galaxy S19 Pro,2019,1433
81599821,smartphone,Apple,IPhone 14,2022,3087
84667926,smartphone,Google,Pixel 2,2017,3802
49584666,smartphone,Xiaomi,Redmi A8,2021,1191
59112970,smartphone,Apple,IPhone 11,2019,3113
36838895,smartphone,Xiaomi,Redmi A7,2020,1102
28094973,smartphone,Google,Pixel 4,2019,1953
33951560,smartphone,Samsung,Galaxy S21,2021,1945
66326244,smartphone,Google,Pixel 3 Pro,2018,3373
47901811,smartphone,Apple,IPhone 14,2022,2824
94695424,smartphone,Xiaomi,Redmi A6,2019,1645
38564604,smartphone,Apple,IPhone 14,2022,2590
17853824,smartphone,Xiaomi,Redmi A8,2021,1130
13392550,smartphone,Samsung,Galaxy S20,2020,2142
86005953,smartphone,Samsung,Galaxy S13,2013,3575
81197182,smartphone,Apple,IPhone 8,2016,4735
55378018,smartphone,Google,Pixel 2,2017,3932
47170644,smartphone,Apple,IPhone 14,2022,2780
18058507,smartphone,Xiaomi,Redmi A7,2020,1005
38316828,smartphone,Xiaomi,Redmi A9,2022,1620
51718010,smartphone,Apple,IPhone 12,2020,3163
21147326,smartphone,Google,Pixel 2,2017,3245
54383215,smartphone,Xiaomi,Redmi A8,2021,883
44093638,smartphone,Google,Pixel 5,2020,1900
20679996,smartphone,Apple,IPhone 8,2016,4378
46464326,smartphone,Xiaomi,Redmi A5,2018,2569
86250155,smartphone,Samsung,Galaxy S16 Pro,2016,3982
23031614,smartphone,Samsung,Galaxy S19,2019,2035
94484709,smartphone,Google,Pixel 1,2016,3911
33647534,smartphone,Google,Pixel 7,2022,1913
49328752,smartphone,Xiaomi,Redmi A6,2019,1699
59665334,smartphone,Apple,IPhone 11,2019,3204
60866271,smartphone,Google,Pixel 4 Pro,2019,2673
86296930,smartphone,Google,Pixel 4,2019,1739
70378584,smartphone,Apple,IPhone 11 Pro,2019,3566
39017155,smartphone,Apple,IPhone 11,2019,2580
35510606,smartphone,Apple,IPhone 11,2019,2855
89333204,smartphone,Xiaomi,Redmi A7,2020,986
32001364,smartphone,Apple,IPhone 11,2019,2522
50785523,smartphone,Apple,IPhone 12,2020,3169
51897037,smartphone,Apple,IPhone 8,2016,5196
73039128,smartphone,Samsung,Galaxy S16,2016,4654
66006531,smartphone,Google,Pixel 3,2018,3682
98225059,smartphone,Apple,IPhone 14,2022,2873
30625547,smartphone,Apple,IPhone 12,2020,2507
93485178,smartphone,Apple,IPhone 11,2019,2651
98622681,smartphone,Apple,IPhone 9,2017,3762
98557545,smartphone,Samsung,Galaxy S17 Pro,2017,4174
99601102,smartphone,Apple,IPhone 10,2018,4387
78170956,smartphone,Samsung,Galaxy S22,2022,2918
47196177,smartphone,Samsung,Galaxy S16,2016,3919
85025967,smartphone,Apple,IPhone 9 Pro,2017,5685
74018311,smartphone,Xiaomi,Redmi A9,2022,1068
74553907,smartphone,Apple,IPhone 12,2020,2513
11218769,smartphone,Google,Pixel 1,2016,3416
80461189,smartphone,Xiaomi,Redmi A7,2020,1271
81647903,smartphone,Apple,IPhone 10,2018,5127
31449400,smartphone,Google,Pixel 4,2019,2048
91141829,smartphone,Google,Pixel 3,2018,4073
41479566,smartphone,Xiaomi,Redmi A9,2022,1709
85392429,smartphone,Samsung,Galaxy S13,2013,4307
36573763,smartphone,Apple,IPhone 13 Pro,2021,3461
88371641,smartphone,Apple,IPhone 8,2016,5344
33468008,smartphone,Xiaomi,Redmi A6 Pro,2019,2202
92199883,smartphone,Samsung,Galaxy S14,2014,3372
37898525,smartphone,Apple,IPhone 11,2019,2825
42505925,smartphone,Xiaomi,Redmi A5,2018,2012
15202171,smartphone,Google,Pixel 7,2022,2083
21474947,smartphone,Samsung,Galaxy S20,2020,1952
57259465,smartphone,Samsung,Galaxy S19,2019,1468
73072227,smartphone,Xiaomi,Redmi A7,2020,1607
21046545,smartphone,Xiaomi,Redmi A9,2022,1437
18710016,smartphone,Apple,IPhone 8 Pro,2016,4703
56716076,smartphone,Xiaomi,Redmi A5,2018,1886
52082371,smartphone,Google,Pixel 2,2017,4250
63026190,smartphone,Google,Pixel 7,2022,1912
57883627,smartphone,Samsung,Galaxy S13,2013,4137
95067879,smartphone,Xiaomi,Redmi A7,2020,1560
75111626,smartphone,Xiaomi,Redmi A8,2021,1749
68768929,smartphone,Xiaomi,Redmi A8,2021,810
22272271,smartphone,Samsung,Galaxy S14,2014,3019
49284388,smartphone,Apple,IPhone 12,2020,2608
73577394,smartphone,Xiaomi,Redmi A7,2020,1682
77832742,smartphone,Google,Pixel 6,2021,2421
36510578,smartphone,Samsung,Galaxy S16,2016,3564
51652629,smartphone,Google,Pixel 2,2017,4152
65417208,smartphone,Samsung,Galaxy S15,2015,3923
94249517,smartphone,Apple,IPhone 14,2022,3232
27262474,smartphone,Google,Pixel 5,2020,1819
48698746,smartphone,Apple,IPhone 12 Pro,2020,3204
53575770,smartphone,Apple,IPhone 9,2017,3530
32434016,smartphone,Samsung,Galaxy S19,2019,703
86814758,smartphone,Samsung,Galaxy S20,2020,2638
94924251,smartphone,Google,Pixel 1 Pro,2016,3695
55821596,smartphone,Samsung,Galaxy S21 Pro,2021,2035
79956191,smartphone,Samsung,Galaxy S13,2013,4225
35582917,smartphone,Apple,IPhone 12,2020,2705
86295745,smartphone,Apple,IPhone 10,2018,5289
60004653,smartphone,Apple,IPhone 11 Pro,2019,3746
42316901,smartphone,Google,Pixel 5 Pro,2020,2279
81834930,smartphone,Xiaomi,Redmi A5,2018,2167
68305858,smartphone,Google,Pixel 7,2022,2270
28947866,smartphone,Samsung,Galaxy S21,2021,1265
78146755,smartphone,Samsung,Galaxy S14,2014,4880
57191567,smartphone,Google,Pixel 7,2022,1674
50400352,smartphone,Samsung,Galaxy S19,2019,1022
55208364,smartphone,Apple,IPhone 10,2018,5100
95840773,smartphone,Google,Pixel 4 Pro,2019,2246
45844315,smartphone,Samsung,Galaxy S20,2020,2071
80046304,smartphone,Samsung,Galaxy S17 Pro,2017,4811
44105801,smartphone,Xiaomi,Redmi A5,2018,2461
23864458,smartphone,Xiaomi,Redmi A7,2020,1559
85155370,smartphone,Xiaomi,Redmi A5,2018,2851
44036012,smartphone,Samsung,Galaxy S21 Pro,2021,2878
46921298,smartphone,Apple,IPhone 11,2019,3119
19923821,smartphone,Apple,IPhone 11,2019,2993
98052204,smartphone,Xiaomi,Redmi A5,2018,2936
36641171,smartphone,Apple,IPhone 9,2017,4826
30313800,smartphone,Apple,IPhone 10,2018,4817
99124178,smartphone,Samsung,Galaxy S13,2013,3340
49307568,smartphone,Apple,IPhone 11,2019,2630
93499629,smartphone,Xiaomi,Redmi A6,2019,986
88052198,smartphone,Samsung,Galaxy S22 Pro,2022,1660
84870553,smartphone,Google,Pixel 5,2020,2133
27869537,smartphone,Apple,IPhone 13,2021,2963
50042830,smartphone,Xiaomi,Redmi A5 Pro,2018,3109
77740081,smartphone,Apple,IPhone 12,2020,3119
86720285,smartphone,Apple,IPhone 14,2022,2952
99231380,smartphone,Google,Pixel 2 Pro,2017,4861
65853343,smartphone,Samsung,Galaxy S16,2016,3810
32107740,smartphone,Apple,IPhone 13,2021,3058
24075586,smartphone,Samsung,Galaxy S17,2017,4253
76720709,smartphone,Xiaomi,Redmi A7,2020,949
49281082,smartphone,Xiaomi,Redmi A6 Pro,2019,1000
92590539,smartphone,Samsung,Galaxy S15,2015,4819
31735480,smartphone,Xiaomi,Redmi A7,2020,1527
87801429,smartphone,Apple,IPhone 8,2016,5240
74593188,smartphone,Apple,IPhone 10,2018,5259
50150365,smartphone,Xiaomi,Redmi A9,2022,1665
74964193,smartphone,Xiaomi,Redmi A8,2021,1107
61151592,smartphone,Xiaomi,Redmi A7,2020,1031
46507911,smartphone,Xiaomi,Redmi A9,2022,738
16720037,smartphone,Xiaomi,Redmi A7,2020,1303
24362810,smartphone,Xiaomi,Redmi A9,2022,634
44555947,smartphone,Apple,IPhone 8,2016,5467
38730353,smartphone,Xiaomi,Redmi A8,2021,959
79348073,smartphone,Apple,IPhone 9,2017,3337
71005468,smartphone,Xiaomi,Redmi A6,2019,1549
81713091,smartphone,Samsung,Galaxy S17,2017,3863
49297917,smartphone,Samsung,Galaxy S21,2021,1949
91573223,smartphone,Samsung,Galaxy S22,2022,1910
39298269,smartphone,Samsung,Galaxy S14,2014,3925
50648647,smartphone,Google,Pixel 2 Pro,2017,3219
96212530,smartphone,Samsung,Galaxy S17,2017,3455
50213643,smartphone,Samsung,Galaxy S21,2021,2142
34053657,smartphone,Samsung,Galaxy S21,2021,2020
80084849,smartphone,Xiaomi,Redmi A7 Pro,2020,1438
38876778,smartphone,Google,Pixel 5,2020,1987
28535057,smartphone,Google,Pixel 7,2022,2054
29986625,smartphone,Apple,IPhone 14,2022,3255
44415038,smartphone,Xiaomi,Redmi A5 Pro,2018,2654
81669848,smartphone,Samsung,Galaxy S15 Pro,2015,4849
32949257,smartphone,Samsung,Galaxy S17,2017,3484
23704063,smartphone,Samsung,Galaxy S16 Pro,2016,5162
60062114,smartphone,Samsung,Galaxy S13,2013,4882
81627867,smartphone,Apple,IPhone 13,2021,2766
88014772,smartphone,Samsung,Galaxy S17,2017,4115
99200375,smartphone,Xiaomi,Redmi A8 Pro,2021,1220
96999958,smartphone,Samsung,Galaxy S16 Pro,2016,4496
73684477,smartphone,Apple,IPhone 12,2020,2876
14332390,smartphone,Samsung,Galaxy S13,2013,3655
18870924,smartphone,Apple,IPhone 13,2021,3067
21000453,smartphone,Google,Pixel 1,2016,4219
27098971,smartphone,Google,Pixel 2,2017,3515
22977596,smartphone,Google,Pixel 1,2016,4439
58970373,smartphone,Xiaomi,Redmi A7,2020,694
58456706,smartphone,Samsung,Galaxy S13,2013,4972
19824318,smartphone,Apple,IPhone 10,2018,3575
58981569,smartphone,Samsung,Galaxy S18,2018,3119
27219435,smartphone,Apple,IPhone 9 Pro,2017,4286
95510134,smartphone,Apple,IPhone 14,2022,2813
82889900,smartphone,Samsung,Galaxy S19,2019,2278
95877672,smartphone,Samsung,Galaxy S20,2020,1913
97013236,smartphone,Apple,IPhone 13 Pro,2021,3643
62163836,smartphone,Xiaomi,Redmi A9 Pro,2022,1485
15076464,smartphone,Xiaomi,Redmi A8 Pro,2021,1621
18995818,smartphone,Apple,IPhone 12,2020,3244
48097115,smartphone,Xiaomi,Redmi A8 Pro,2021,1152
72384436,smartphone,Samsung,Galaxy S14,2014,3817
46967013,smartphone,Google,Pixel 1,2016,3239
57350889,smartphone,Google,Pixel 5 Pro,2020,3174
43606670,smartphone,Google,Pixel 2,2017,2971
70371472,smartphone,Apple,IPhone 8,2016,4851
63627417,smartphone,Xiaomi,Redmi A8,2021,926
77944463,smartphone,Xiaomi,Redmi A8,2021,1665
21655550,smartphone,Samsung,Galaxy S19,2019,1753
38664196,smartphone,Samsung,Galaxy S14,2014,4048
62874770,smartphone,Apple,IPhone 10 Pro,2018,5073
58424840,smartphone,Samsung,Galaxy S13 Pro,2013,4595
56110037,smartphone,Samsung,Galaxy S18,2018,4089
63196656,smartphone,Apple,IPhone 9,2017,3634
14115798,smartphone,Xiaomi,Redmi A6,2019,743
99646899,smartphone,Apple,IPhone 14,2022,2593
10939975,smartphone,Google,Pixel 5,2020,2065
44815690,smartphone,Samsung,Galaxy S19,2019,1152
86071890,smartphone,Google,Pixel 3,2018,4229
26972971,smartphone,Google,Pixel 3,2018,3515
49453875,smartphone,Google,Pixel 3 Pro,2018,3289
12063026,smartphone,Apple,IPhone 11,2019,2988
88465563,smartphone,Xiaomi,Redmi A9 Pro,2022,1151
91093451,smartphone,Apple,IPhone 9,2017,3528
11953591,smartphone,Apple,IPhone 13,2021,3139
33208681,smartphone,Apple,IPhone 9 Pro,2017,5598
96742941,smartphone,Samsung,Galaxy S22,2022,976
75694766,smartphone,Samsung,Galaxy S17 Pro,2017,4924
10147335,smartphone,Samsung,Galaxy S16,2016,4913
40922357,smartphone,Xiaomi,Redmi A6,2019,1249
45616477,smartphone,Apple,IPhone 10,2018,4643
71743546,smartphone,Xiaomi,Redmi A7,2020,1267
92487167,smartphone,Xiaomi,Redmi A9,2022,693
48749786,smartphone,Samsung,Galaxy S14,2014,3282
93651429,smartphone,Xiaomi,Redmi A9,2022,1109
18469979,smartphone,Apple,IPhone 9,2017,4880
52485859,smartphone,Apple,IPhone 11 Pro,2019,3009
57008854,smartphone,Apple,IPhone 8 Pro,2016,4548
33572213,smartphone,Xiaomi,Redmi A6 Pro,2019,1328
13649360,smartphone,Xiaomi,Redmi A7,2020,1067
65259288,smartphone,Apple,IPhone 12,2020,2656
16095855,smartphone,Samsung,Galaxy S20,2020,2669
23458933,smartphone,Google,Pixel 7,2022,2436
77392155,smartphone,Google,Pixel 1,2016,3421
66448730,smartphone,Xiaomi,Redmi A7,2020,859
59586471,smartphone,Xiaomi,Redmi A9 Pro,2022,1602
57979817,smartphone,Xiaomi,Redmi A9,2022,1717
38407018,smartphone,Google,Pixel 7,2022,2617
66878514,smartphone,Samsung,Galaxy S16 Pro,2016,4735
85029898,smartphone,Google,Pixel 4,2019,1894
54037310,smartphone,Xiaomi,Redmi A5,2018,2497
61388534,smartphone,Xiaomi,Redmi A9 Pro,2022,1973
35223831,smartphone,Samsung,Galaxy S13,2013,3002
23179123,smartphone,Google,Pixel 2,2017,2702
32704148,smartphone,Google,Pixel 2,2017,4234
51515229,smartphone,Xiaomi,Redmi A7,2020,688
29655849,smartphone,Apple,IPhone 13,2021,2614
51604922,smartphone,Apple,IPhone 12,2020,2754
64541182,smartphone,Apple,IPhone 10 Pro,2018,4089
74937420,smartphone,Google,Pixel 7 Pro,2022,2121
42446142,smartphone,Apple,IPhone 14,2022,2740
35691192,smartphone,Xiaomi,Redmi A5,2018,2077
47816648,smartphone,Samsung,Galaxy S15,2015,3962
54377457,smartphone,Google,Pixel 5,2020,2487
17911451,smartphone,Google,Pixel 3 Pro,2018,3749
75186513,smartphone,Google,Pixel 2,2017,3018
67350145,smartphone,Apple,IPhone 14 Pro,2022,3303
44412870,smartphone,Samsung,Galaxy S19,2019,1363
81563779,smartphone,Samsung,Galaxy S15,2015,4843
78893627,smartphone,Apple,IPhone 10,2018,4682
14507042,smartphone,Google,Pixel 1,2016,3730
59849464,smartphone,Apple,IPhone 9 Pro,2017,5845
55503245,smartphone,Xiaomi,Redmi A9,2022,973
87730368,smartphone,Samsung,Galaxy S18 Pro,2018,4516
37956944,smartphone,Samsung,Galaxy S16,2016,3188
91487900,smartphone,Apple,IPhone 14,2022,2917
46724293,smartphone,Samsung,Galaxy S14,2014,3370
70149648,smartphone,Samsung,Galaxy S20,2020,2526
26838785,smartphone,Apple,IPhone 14 Pro,2022,3765
48459048,smartphone,Google,Pixel 2,2017,2729
23624197,smartphone,Xiaomi,Redmi A8,2021,902
44342163,smartphone,Samsung,Galaxy S19,2019,1771
27066539,smartphone,Samsung,Galaxy S22,2022,1696
11204100,smartphone,Xiaomi,Redmi A6,2019,1613
85649722,smartphone,Google,Pixel 1 Pro,2016,4746
30334433,smartphone,Samsung,Galaxy S14,2014,4055
75762223,smartphone,Xiaomi,Redmi A6,2019,524
70000957,smartphone,Apple,IPhone 9,2017,3468
70304609,smartphone,Google,Pixel 4,2019,2304
35821925,smartphone,Google,Pixel 7,2022,2498
27947218,smartphone,Google,Pixel 6 Pro,2021,2620
15632968,smartphone,Samsung,Galaxy S21,2021,2376
63726811,smartphone,Google,Pixel 5,2020,2373
34551014,smartphone,Samsung,Galaxy S18,2018,3830
52596511,smartphone,Samsung,Galaxy S22,2022,2036
31686610,smartphone,Google,Pixel 2,2017,4342
68063791,smartphone,Apple,IPhone 8,2016,4961
18516812,smartphone,Google,Pixel 5 Pro,2020,2184
86054050,smartphone,Samsung,Galaxy S17 Pro,2017,5162
67548458,smartphone,Samsung,Galaxy S17,2017,4017
49894330,smartphone,Xiaomi,Redmi A7,2020,1472
80536705,smartphone,Apple,IPhone 9,2017,4851
68762346,smartphone,Xiaomi,Redmi A5 Pro,2018,3267
